{"cameraMode":{"drawMode":0,"name":"Shaded","section":"Shading Mode"},"sceneLighting":true,"audioPlay":false,"sceneViewState":{"showFog":true,"showMaterialUpdate":false,"showSkybox":true,"showFlares":true,"showImageEffects":true,"showParticleSystems":true},"in2DMode":false,"pivot":{"x":-0.05019611120223999,"y":-2.497934341430664,"z":4.232989311218262},"rotation":{"x":-0.25167155265808108,"y":0.005004507023841143,"z":-0.0011975819943472744,"w":-0.9678411483764648},"size":27.167133331298829,"orthographic":true}